trial,testing,parameters,initial_deadline,final_deadline,net_reward,actions,success
1,False,"{'a': 0.18, 'e': 1.0}",25,0,-194.03457704473644,"{0: 14, 1: 2, 2: 4, 3: 2, 4: 3}",0
2,False,"{'a': 0.18, 'e': 0.99}",20,0,-147.19845781865584,"{0: 12, 1: 0, 2: 4, 3: 2, 4: 2}",0
3,False,"{'a': 0.18, 'e': 0.9801}",25,0,-156.14860628390053,"{0: 13, 1: 4, 2: 6, 3: 0, 4: 2}",0
4,False,"{'a': 0.18, 'e': 0.970299}",30,0,-220.91410333716524,"{0: 15, 1: 4, 2: 6, 3: 2, 4: 3}",0
5,False,"{'a': 0.18, 'e': 0.96059601}",20,2,-85.10024555462016,"{0: 13, 1: 1, 2: 2, 3: 0, 4: 2}",1
6,False,"{'a': 0.18, 'e': 0.9509900498999999}",25,0,-94.22253936852863,"{0: 20, 1: 1, 2: 1, 3: 1, 4: 2}",0
7,False,"{'a': 0.18, 'e': 0.941480149401}",20,0,-26.345546522494377,"{0: 15, 1: 1, 2: 4, 3: 0, 4: 0}",0
8,False,"{'a': 0.18, 'e': 0.9320653479069899}",20,0,-66.8903464887011,"{0: 12, 1: 1, 2: 6, 3: 1, 4: 0}",0
9,False,"{'a': 0.18, 'e': 0.9227446944279201}",20,8,-34.12951320070458,"{0: 8, 1: 0, 2: 3, 3: 1, 4: 0}",1
10,False,"{'a': 0.18, 'e': 0.9135172474836408}",20,0,-157.25260174112393,"{0: 9, 1: 1, 2: 8, 3: 0, 4: 2}",0
11,False,"{'a': 0.18, 'e': 0.9043820750088044}",20,6,-50.591638788318065,"{0: 10, 1: 0, 2: 3, 3: 0, 4: 1}",1
12,False,"{'a': 0.18, 'e': 0.8953382542587164}",20,0,-16.58218231217109,"{0: 16, 1: 1, 2: 3, 3: 0, 4: 0}",0
13,False,"{'a': 0.18, 'e': 0.8863848717161292}",25,0,-108.10774463241526,"{0: 16, 1: 1, 2: 6, 3: 1, 4: 1}",0
14,False,"{'a': 0.18, 'e': 0.8775210229989678}",30,0,-150.3168547023239,"{0: 18, 1: 1, 2: 7, 3: 3, 4: 1}",0
15,False,"{'a': 0.18, 'e': 0.8687458127689782}",30,0,-222.0857902174816,"{0: 16, 1: 4, 2: 4, 3: 3, 4: 3}",0
16,False,"{'a': 0.18, 'e': 0.8600583546412884}",30,0,-56.35671361673427,"{0: 23, 1: 2, 2: 3, 3: 2, 4: 0}",0
17,False,"{'a': 0.18, 'e': 0.8514577710948755}",20,3,-33.17852176319949,"{0: 13, 1: 1, 2: 2, 3: 1, 4: 0}",1
18,False,"{'a': 0.18, 'e': 0.8429431933839268}",25,0,-60.80802018513689,"{0: 17, 1: 2, 2: 5, 3: 1, 4: 0}",0
19,False,"{'a': 0.18, 'e': 0.8345137614500875}",35,0,-168.6025232293754,"{0: 25, 1: 1, 2: 5, 3: 1, 4: 3}",0
20,False,"{'a': 0.18, 'e': 0.8261686238355866}",30,0,-147.15608507533798,"{0: 17, 1: 4, 2: 4, 3: 5, 4: 0}",0
21,False,"{'a': 0.18, 'e': 0.8179069375972308}",20,0,-148.73127872605795,"{0: 10, 1: 0, 2: 6, 3: 3, 4: 1}",0
22,False,"{'a': 0.18, 'e': 0.8097278682212584}",30,0,-82.19588942218783,"{0: 24, 1: 1, 2: 2, 3: 2, 4: 1}",0
23,False,"{'a': 0.18, 'e': 0.8016305895390459}",30,0,-133.38905730672536,"{0: 21, 1: 3, 2: 3, 3: 0, 4: 3}",0
24,False,"{'a': 0.18, 'e': 0.7936142836436554}",25,12,-3.8578776542062805,"{0: 10, 1: 1, 2: 2, 3: 0, 4: 0}",1
25,False,"{'a': 0.18, 'e': 0.7856781408072188}",25,0,-74.8590799735453,"{0: 18, 1: 2, 2: 3, 3: 1, 4: 1}",0
26,False,"{'a': 0.18, 'e': 0.7778213593991467}",25,0,-34.3504263774495,"{0: 18, 1: 3, 2: 4, 3: 0, 4: 0}",0
27,False,"{'a': 0.18, 'e': 0.7700431458051551}",20,6,-17.95971588180359,"{0: 11, 1: 0, 2: 2, 3: 1, 4: 0}",1
28,False,"{'a': 0.18, 'e': 0.7623427143471035}",20,0,-96.80552095957118,"{0: 14, 1: 1, 2: 3, 3: 0, 4: 2}",0
29,False,"{'a': 0.18, 'e': 0.7547192872036325}",30,0,-125.47169345414297,"{0: 21, 1: 1, 2: 5, 3: 1, 4: 2}",0
30,False,"{'a': 0.18, 'e': 0.7471720943315961}",20,0,-82.65482154669408,"{0: 13, 1: 1, 2: 5, 3: 0, 4: 1}",0
31,False,"{'a': 0.18, 'e': 0.7397003733882802}",30,0,-75.15603983229127,"{0: 25, 1: 0, 2: 3, 3: 0, 4: 2}",0
32,False,"{'a': 0.18, 'e': 0.7323033696543975}",20,9,0.1321391783398682,"{0: 9, 1: 1, 2: 1, 3: 0, 4: 0}",1
33,False,"{'a': 0.18, 'e': 0.7249803359578535}",25,0,-67.1855190646212,"{0: 18, 1: 2, 2: 4, 3: 0, 4: 1}",0
34,False,"{'a': 0.18, 'e': 0.7177305325982749}",30,7,-71.93012517455541,"{0: 17, 1: 0, 2: 4, 3: 1, 4: 1}",1
35,False,"{'a': 0.18, 'e': 0.7105532272722921}",30,0,-114.23907747916778,"{0: 22, 1: 0, 2: 6, 3: 0, 4: 2}",0
36,False,"{'a': 0.18, 'e': 0.7034476949995692}",20,0,-90.30527652628007,"{0: 12, 1: 3, 2: 3, 3: 1, 4: 1}",0
37,False,"{'a': 0.18, 'e': 0.6964132180495735}",20,10,-49.15069621876171,"{0: 7, 1: 0, 2: 2, 3: 0, 4: 1}",1
38,False,"{'a': 0.18, 'e': 0.6894490858690778}",20,0,-54.53701701213343,"{0: 13, 1: 2, 2: 4, 3: 1, 4: 0}",0
39,False,"{'a': 0.18, 'e': 0.682554595010387}",30,0,-90.18550352270965,"{0: 20, 1: 3, 2: 6, 3: 0, 4: 1}",0
40,False,"{'a': 0.18, 'e': 0.6757290490602831}",25,0,-21.895217911663167,"{0: 21, 1: 1, 2: 2, 3: 1, 4: 0}",0
41,False,"{'a': 0.18, 'e': 0.6689717585696803}",30,10,-54.85373082481946,"{0: 14, 1: 1, 2: 3, 3: 2, 4: 0}",1
42,False,"{'a': 0.18, 'e': 0.6622820409839835}",25,15,-3.4220829075573214,"{0: 8, 1: 1, 2: 1, 3: 0, 4: 0}",1
43,False,"{'a': 0.18, 'e': 0.6556592205741436}",20,0,-71.33098772365389,"{0: 13, 1: 2, 2: 4, 3: 0, 4: 1}",0
44,False,"{'a': 0.18, 'e': 0.6491026283684022}",25,0,-47.33938695257739,"{0: 18, 1: 1, 2: 5, 3: 1, 4: 0}",0
45,False,"{'a': 0.18, 'e': 0.6426116020847181}",25,11,-15.735578570750029,"{0: 10, 1: 3, 2: 0, 3: 1, 4: 0}",1
46,False,"{'a': 0.18, 'e': 0.6361854860638709}",25,1,-73.2229000026342,"{0: 19, 1: 1, 2: 2, 3: 0, 4: 2}",1
47,False,"{'a': 0.18, 'e': 0.6298236312032323}",25,0,-55.25507824451098,"{0: 20, 1: 0, 2: 4, 3: 0, 4: 1}",0
48,False,"{'a': 0.18, 'e': 0.6235253948912}",25,13,-33.187513316319226,"{0: 7, 1: 2, 2: 3, 3: 0, 4: 0}",1
49,False,"{'a': 0.18, 'e': 0.617290140942288}",25,0,-89.25132687885656,"{0: 18, 1: 0, 2: 5, 3: 1, 4: 1}",0
50,False,"{'a': 0.18, 'e': 0.611117239532865}",25,0,-44.62559195244113,"{0: 19, 1: 4, 2: 1, 3: 0, 4: 1}",0
51,False,"{'a': 0.18, 'e': 0.6050060671375364}",25,8,-50.137561917865845,"{0: 13, 1: 0, 2: 3, 3: 0, 4: 1}",1
52,False,"{'a': 0.18, 'e': 0.598956006466161}",30,10,-0.29317870189387607,"{0: 17, 1: 0, 2: 3, 3: 0, 4: 0}",1
53,False,"{'a': 0.18, 'e': 0.5929664464014994}",20,0,-21.308482394682283,"{0: 16, 1: 2, 2: 1, 3: 1, 4: 0}",0
54,False,"{'a': 0.18, 'e': 0.5870367819374844}",25,0,-32.019520601110415,"{0: 20, 1: 0, 2: 5, 3: 0, 4: 0}",0
55,False,"{'a': 0.18, 'e': 0.5811664141181095}",25,0,-124.05524336944691,"{0: 17, 1: 0, 2: 5, 3: 1, 4: 2}",0
56,False,"{'a': 0.18, 'e': 0.5753547499769285}",20,7,-89.0508608455209,"{0: 8, 1: 1, 2: 2, 3: 0, 4: 2}",1
57,False,"{'a': 0.18, 'e': 0.5696012024771592}",30,11,1.902412733370242,"{0: 16, 1: 1, 2: 2, 3: 0, 4: 0}",1
58,False,"{'a': 0.18, 'e': 0.5639051904523875}",25,12,4.733593652754242,"{0: 11, 1: 1, 2: 1, 3: 0, 4: 0}",1
59,False,"{'a': 0.18, 'e': 0.5582661385478637}",25,19,12.97549261925132,"{0: 6, 1: 0, 2: 0, 3: 0, 4: 0}",1
60,False,"{'a': 0.18, 'e': 0.5526834771623851}",20,4,-3.563658705454807,"{0: 13, 1: 1, 2: 2, 3: 0, 4: 0}",1
61,False,"{'a': 0.18, 'e': 0.5471566423907612}",20,0,-15.528042028782561,"{0: 16, 1: 0, 2: 4, 3: 0, 4: 0}",0
62,False,"{'a': 0.18, 'e': 0.5416850759668536}",20,7,-36.702461449372485,"{0: 11, 1: 0, 2: 1, 3: 0, 4: 1}",1
63,False,"{'a': 0.18, 'e': 0.536268225207185}",20,0,-142.53786936137314,"{0: 14, 1: 0, 2: 2, 3: 1, 4: 3}",0
64,False,"{'a': 0.18, 'e': 0.5309055429551132}",30,0,-102.67817937591963,"{0: 23, 1: 1, 2: 2, 3: 2, 4: 2}",0
65,False,"{'a': 0.18, 'e': 0.525596487525562}",25,0,-36.61788318322118,"{0: 18, 1: 2, 2: 4, 3: 1, 4: 0}",0
66,False,"{'a': 0.18, 'e': 0.5203405226503064}",20,12,-27.419230677542306,"{0: 7, 1: 0, 2: 0, 3: 0, 4: 1}",1
67,False,"{'a': 0.18, 'e': 0.5151371174238033}",20,15,7.458742950239401,"{0: 5, 1: 0, 2: 0, 3: 0, 4: 0}",1
68,False,"{'a': 0.18, 'e': 0.5099857462495653}",25,0,-21.94886772101971,"{0: 18, 1: 5, 2: 2, 3: 0, 4: 0}",0
69,False,"{'a': 0.18, 'e': 0.5048858887870696}",20,0,-44.58752926904363,"{0: 16, 1: 0, 2: 3, 3: 0, 4: 1}",0
70,False,"{'a': 0.18, 'e': 0.4998370298991989}",30,1,-14.190853821769252,"{0: 27, 1: 0, 2: 1, 3: 0, 4: 1}",1
71,False,"{'a': 0.18, 'e': 0.49483865960020695}",30,0,-64.4440698176366,"{0: 22, 1: 3, 2: 4, 3: 0, 4: 1}",0
72,False,"{'a': 0.18, 'e': 0.4898902730042049}",20,10,-6.068118272166064,"{0: 8, 1: 0, 2: 2, 3: 0, 4: 0}",1
73,False,"{'a': 0.18, 'e': 0.48499137027416284}",25,0,-36.599993907792204,"{0: 21, 1: 1, 2: 2, 3: 0, 4: 1}",0
74,False,"{'a': 0.18, 'e': 0.4801414565714212}",25,0,-73.42398319479213,"{0: 18, 1: 2, 2: 3, 3: 1, 4: 1}",0
75,False,"{'a': 0.18, 'e': 0.47534004200570695}",25,0,-46.1855231935742,"{0: 19, 1: 3, 2: 1, 3: 2, 4: 0}",0
76,False,"{'a': 0.18, 'e': 0.4705866415856499}",25,0,20.816111207589216,"{0: 23, 1: 1, 2: 1, 3: 0, 4: 0}",0
77,False,"{'a': 0.18, 'e': 0.46588077516979337}",25,0,-108.63321144100802,"{0: 18, 1: 3, 2: 0, 3: 2, 4: 2}",0
78,False,"{'a': 0.18, 'e': 0.46122196741809546}",30,0,-88.97175243299384,"{0: 24, 1: 0, 2: 4, 3: 0, 4: 2}",0
79,False,"{'a': 0.18, 'e': 0.4566097477439145}",20,12,-1.124650320441347,"{0: 7, 1: 0, 2: 1, 3: 0, 4: 0}",1
80,False,"{'a': 0.18, 'e': 0.45204365026647536}",30,10,-45.447894158656304,"{0: 15, 1: 2, 2: 2, 3: 0, 4: 1}",1
81,False,"{'a': 0.18, 'e': 0.4475232137638106}",20,11,-10.714256984177236,"{0: 7, 1: 0, 2: 2, 3: 0, 4: 0}",1
82,False,"{'a': 0.18, 'e': 0.4430479816261725}",30,0,-133.06814183321234,"{0: 24, 1: 0, 2: 2, 3: 1, 4: 3}",0
83,False,"{'a': 0.18, 'e': 0.43861750180991077}",20,0,-74.936186915419,"{0: 14, 1: 2, 2: 1, 3: 2, 4: 1}",0
84,False,"{'a': 0.18, 'e': 0.43423132679181164}",25,0,-80.54951331930565,"{0: 18, 1: 1, 2: 4, 3: 1, 4: 1}",0
85,False,"{'a': 0.18, 'e': 0.4298890135238935}",20,0,1.4845931539286878,"{0: 17, 1: 1, 2: 2, 3: 0, 4: 0}",0
86,False,"{'a': 0.18, 'e': 0.4255901233886546}",20,7,-4.592161298601988,"{0: 11, 1: 1, 2: 0, 3: 1, 4: 0}",1
87,False,"{'a': 0.18, 'e': 0.421334222154768}",25,5,-23.598087490022202,"{0: 18, 1: 0, 2: 1, 3: 0, 4: 1}",1
88,False,"{'a': 0.18, 'e': 0.41712087993322033}",30,23,14.327254376533727,"{0: 7, 1: 0, 2: 0, 3: 0, 4: 0}",1
89,False,"{'a': 0.18, 'e': 0.41294967113388814}",25,3,-102.9883604101382,"{0: 17, 1: 0, 2: 1, 3: 2, 4: 2}",1
90,False,"{'a': 0.18, 'e': 0.40882017442254925}",30,21,-17.9882077774859,"{0: 7, 1: 0, 2: 1, 3: 1, 4: 0}",1
91,False,"{'a': 0.18, 'e': 0.4047319726783238}",35,3,-13.84350759344246,"{0: 25, 1: 4, 2: 3, 3: 0, 4: 0}",1
92,False,"{'a': 0.18, 'e': 0.40068465295154054}",20,0,-72.70322768532145,"{0: 17, 1: 0, 2: 0, 3: 1, 4: 2}",0
93,False,"{'a': 0.18, 'e': 0.3966778064220251}",20,5,-67.90160249022989,"{0: 12, 1: 1, 2: 0, 3: 0, 4: 2}",1
94,False,"{'a': 0.18, 'e': 0.39271102835780486}",30,4,-89.34104876158499,"{0: 20, 1: 0, 2: 4, 3: 0, 4: 2}",1
95,False,"{'a': 0.18, 'e': 0.3887839180742268}",25,0,-50.91095523140128,"{0: 20, 1: 0, 2: 4, 3: 0, 4: 1}",0
96,False,"{'a': 0.18, 'e': 0.38489607889348454}",25,0,-67.60136374793505,"{0: 21, 1: 1, 2: 1, 3: 0, 4: 2}",0
97,False,"{'a': 0.18, 'e': 0.38104711810454966}",20,0,-53.69006140383423,"{0: 16, 1: 1, 2: 1, 3: 1, 4: 1}",0
98,False,"{'a': 0.18, 'e': 0.37723664692350417}",20,5,-158.92650403172271,"{0: 7, 1: 2, 2: 2, 3: 1, 4: 3}",1
99,False,"{'a': 0.18, 'e': 0.37346428045426916}",20,2,-74.8261080300638,"{0: 13, 1: 1, 2: 1, 3: 2, 4: 1}",1
100,False,"{'a': 0.18, 'e': 0.36972963764972644}",20,9,5.694270487404245,"{0: 9, 1: 1, 2: 1, 3: 0, 4: 0}",1
101,False,"{'a': 0.18, 'e': 0.3660323412732292}",30,0,-90.27272419649258,"{0: 23, 1: 1, 2: 3, 3: 2, 4: 1}",0
102,False,"{'a': 0.18, 'e': 0.3623720178604969}",20,0,-1.8396691346412757,"{0: 15, 1: 5, 2: 0, 3: 0, 4: 0}",0
103,False,"{'a': 0.18, 'e': 0.3587482976818919}",20,9,-38.50690018583126,"{0: 8, 1: 1, 2: 1, 3: 0, 4: 1}",1
104,False,"{'a': 0.18, 'e': 0.355160814705073}",20,1,12.407403000052708,"{0: 17, 1: 1, 2: 1, 3: 0, 4: 0}",1
105,False,"{'a': 0.18, 'e': 0.35160920655802225}",20,1,-40.33720961024632,"{0: 16, 1: 1, 2: 0, 3: 1, 4: 1}",1
106,False,"{'a': 0.18, 'e': 0.348093114492442}",25,3,-65.72442136245118,"{0: 16, 1: 2, 2: 2, 3: 1, 4: 1}",1
107,False,"{'a': 0.18, 'e': 0.3446121833475176}",30,20,16.138211555549265,"{0: 10, 1: 0, 2: 0, 3: 0, 4: 0}",1
108,False,"{'a': 0.18, 'e': 0.34116606151404244}",20,0,27.97188958914444,"{0: 20, 1: 0, 2: 0, 3: 0, 4: 0}",0
109,False,"{'a': 0.18, 'e': 0.337754400898902}",25,10,3.4487490980846145,"{0: 13, 1: 0, 2: 2, 3: 0, 4: 0}",1
110,False,"{'a': 0.18, 'e': 0.334376856889913}",20,9,23.007262986892535,"{0: 11, 1: 0, 2: 0, 3: 0, 4: 0}",1
111,False,"{'a': 0.18, 'e': 0.33103308832101386}",25,7,-38.18780419642139,"{0: 15, 1: 1, 2: 0, 3: 1, 4: 1}",1
112,False,"{'a': 0.18, 'e': 0.3277227574378037}",25,0,-8.45826430119578,"{0: 22, 1: 0, 2: 2, 3: 1, 4: 0}",1
113,False,"{'a': 0.18, 'e': 0.3244455298634257}",20,14,12.84038964113919,"{0: 6, 1: 0, 2: 0, 3: 0, 4: 0}",1
114,False,"{'a': 0.18, 'e': 0.3212010745647914}",20,9,-8.407909586352615,"{0: 9, 1: 0, 2: 2, 3: 0, 4: 0}",1
115,False,"{'a': 0.18, 'e': 0.3179890638191435}",20,0,-57.79783789942825,"{0: 16, 1: 1, 2: 1, 3: 1, 4: 1}",0
116,False,"{'a': 0.18, 'e': 0.31480917318095203}",20,7,-8.96607015168734,"{0: 11, 1: 1, 2: 0, 3: 1, 4: 0}",1
117,False,"{'a': 0.18, 'e': 0.3116610814491425}",20,0,17.811133179656142,"{0: 19, 1: 0, 2: 1, 3: 0, 4: 0}",0
118,False,"{'a': 0.18, 'e': 0.30854447063465107}",20,10,19.14316410589349,"{0: 10, 1: 0, 2: 0, 3: 0, 4: 0}",1
119,False,"{'a': 0.18, 'e': 0.3054590259283046}",25,14,12.151718677549324,"{0: 10, 1: 1, 2: 0, 3: 0, 4: 0}",1
120,False,"{'a': 0.18, 'e': 0.30240443566902153}",20,0,-6.010232539230413,"{0: 17, 1: 0, 2: 3, 3: 0, 4: 0}",0
121,False,"{'a': 0.18, 'e': 0.2993803913123313}",20,4,-36.51400583215304,"{0: 13, 1: 1, 2: 1, 3: 0, 4: 1}",1
122,False,"{'a': 0.18, 'e': 0.296386587399208}",20,10,14.159258465170012,"{0: 10, 1: 0, 2: 0, 3: 0, 4: 0}",1
123,False,"{'a': 0.18, 'e': 0.2934227215252159}",30,16,-10.854381822817043,"{0: 12, 1: 0, 2: 1, 3: 1, 4: 0}",1
124,False,"{'a': 0.18, 'e': 0.29048849430996376}",20,6,24.044156197065455,"{0: 14, 1: 0, 2: 0, 3: 0, 4: 0}",1
125,False,"{'a': 0.18, 'e': 0.2875836093668641}",20,11,-2.661225469532247,"{0: 7, 1: 1, 2: 1, 3: 0, 4: 0}",1
126,False,"{'a': 0.18, 'e': 0.28470777327319546}",25,17,13.972817107798328,"{0: 8, 1: 0, 2: 0, 3: 0, 4: 0}",1
127,False,"{'a': 0.18, 'e': 0.2818606955404635}",25,0,24.170606687062552,"{0: 24, 1: 0, 2: 1, 3: 0, 4: 0}",0
128,False,"{'a': 0.18, 'e': 0.27904208858505886}",20,10,5.297980236389172,"{0: 9, 1: 0, 2: 1, 3: 0, 4: 0}",1
129,False,"{'a': 0.18, 'e': 0.2762516676992083}",30,7,-77.00036461548538,"{0: 18, 1: 0, 2: 2, 3: 2, 4: 1}",1
130,False,"{'a': 0.18, 'e': 0.2734891510222162}",20,5,-16.357688151867173,"{0: 14, 1: 0, 2: 0, 3: 0, 4: 1}",1
131,False,"{'a': 0.18, 'e': 0.27075425951199406}",25,3,-22.068626181937358,"{0: 19, 1: 1, 2: 1, 3: 0, 4: 1}",1
132,False,"{'a': 0.18, 'e': 0.2680467169168741}",20,8,1.8778709181166406,"{0: 10, 1: 1, 2: 1, 3: 0, 4: 0}",1
133,False,"{'a': 0.18, 'e': 0.26536624974770534}",20,0,-25.43327027860635,"{0: 18, 1: 0, 2: 1, 3: 0, 4: 1}",0
134,False,"{'a': 0.18, 'e': 0.2627125872502283}",20,13,13.097697290165499,"{0: 7, 1: 0, 2: 0, 3: 0, 4: 0}",1
135,False,"{'a': 0.18, 'e': 0.26008546137772603}",25,3,21.322206940209313,"{0: 20, 1: 2, 2: 0, 3: 0, 4: 0}",1
136,False,"{'a': 0.18, 'e': 0.25748460676394874}",25,14,-18.354393068942322,"{0: 8, 1: 2, 2: 0, 3: 1, 4: 0}",1
137,False,"{'a': 0.18, 'e': 0.2549097606963093}",20,0,26.08298626996202,"{0: 19, 1: 1, 2: 0, 3: 0, 4: 0}",1
138,False,"{'a': 0.18, 'e': 0.2523606630893462}",20,10,17.49192089903419,"{0: 10, 1: 0, 2: 0, 3: 0, 4: 0}",1
139,False,"{'a': 0.18, 'e': 0.2498370564584527}",30,0,-18.529629610867623,"{0: 27, 1: 1, 2: 1, 3: 0, 4: 1}",0
140,False,"{'a': 0.18, 'e': 0.24733868589386818}",20,0,-3.7882616030015814,"{0: 18, 1: 0, 2: 1, 3: 1, 4: 0}",0
141,False,"{'a': 0.18, 'e': 0.24486529903492948}",20,0,-28.71651608996696,"{0: 17, 1: 1, 2: 1, 3: 0, 4: 1}",0
142,False,"{'a': 0.18, 'e': 0.2424166460445802}",35,17,-28.74462757021007,"{0: 15, 1: 1, 2: 1, 3: 0, 4: 1}",1
143,False,"{'a': 0.18, 'e': 0.2399924795841344}",20,10,7.3492353184721395,"{0: 9, 1: 0, 2: 1, 3: 0, 4: 0}",1
144,False,"{'a': 0.18, 'e': 0.23759255478829303}",20,0,4.939399566486786,"{0: 18, 1: 0, 2: 2, 3: 0, 4: 0}",0
145,False,"{'a': 0.18, 'e': 0.23521662924041012}",30,10,-39.2804227727465,"{0: 16, 1: 1, 2: 2, 3: 0, 4: 1}",1
146,False,"{'a': 0.18, 'e': 0.232864462948006}",20,5,-14.52092023760747,"{0: 14, 1: 0, 2: 0, 3: 0, 4: 1}",1
147,False,"{'a': 0.18, 'e': 0.23053581831852593}",25,11,20.036784506532587,"{0: 14, 1: 0, 2: 0, 3: 0, 4: 0}",1
148,False,"{'a': 0.18, 'e': 0.22823046013534068}",25,14,7.192514643152536,"{0: 10, 1: 1, 2: 0, 3: 0, 4: 0}",1
149,False,"{'a': 0.18, 'e': 0.22594815553398728}",35,0,5.9656059786722535,"{0: 33, 1: 1, 2: 0, 3: 0, 4: 1}",0
150,False,"{'a': 0.18, 'e': 0.2236886739786474}",20,5,-1.0364151635045866,"{0: 14, 1: 0, 2: 0, 3: 1, 4: 0}",1
151,False,"{'a': 0.18, 'e': 0.22145178723886091}",20,13,13.520044335409448,"{0: 7, 1: 0, 2: 0, 3: 0, 4: 0}",1
152,False,"{'a': 0.18, 'e': 0.2192372693664723}",25,14,21.51088040075151,"{0: 11, 1: 0, 2: 0, 3: 0, 4: 0}",1
153,False,"{'a': 0.18, 'e': 0.21704489667280757}",20,0,19.256315806334616,"{0: 19, 1: 1, 2: 0, 3: 0, 4: 0}",0
154,False,"{'a': 0.18, 'e': 0.2148744477060795}",20,0,2.3919832012242113,"{0: 18, 1: 0, 2: 2, 3: 0, 4: 0}",0
155,False,"{'a': 0.18, 'e': 0.2127257032290187}",25,0,-5.337426929213674,"{0: 22, 1: 0, 2: 2, 3: 1, 4: 0}",0
156,False,"{'a': 0.18, 'e': 0.21059844619672852}",30,17,23.102739914455263,"{0: 13, 1: 0, 2: 0, 3: 0, 4: 0}",1
157,False,"{'a': 0.18, 'e': 0.20849246173476124}",20,0,-25.532414001403872,"{0: 17, 1: 1, 2: 1, 3: 0, 4: 1}",1
158,False,"{'a': 0.18, 'e': 0.2064075371174136}",25,2,9.759925549509713,"{0: 20, 1: 1, 2: 2, 3: 0, 4: 0}",1
159,False,"{'a': 0.18, 'e': 0.20434346174623946}",20,0,0.4683123523019247,"{0: 18, 1: 0, 2: 2, 3: 0, 4: 0}",0
160,False,"{'a': 0.18, 'e': 0.2023000271287771}",20,4,5.046140432564499,"{0: 14, 1: 0, 2: 2, 3: 0, 4: 0}",1
161,False,"{'a': 0.18, 'e': 0.20027702685748933}",20,0,-23.448107770621156,"{0: 17, 1: 0, 2: 1, 3: 2, 4: 0}",0
162,False,"{'a': 0.18, 'e': 0.19827425658891443}",25,0,26.619743912304656,"{0: 24, 1: 0, 2: 1, 3: 0, 4: 0}",0
163,False,"{'a': 0.18, 'e': 0.19629151402302528}",30,0,-77.06873763024673,"{0: 25, 1: 2, 2: 0, 3: 1, 4: 2}",0
164,False,"{'a': 0.18, 'e': 0.19432859888279502}",20,2,-13.650993044508557,"{0: 17, 1: 0, 2: 0, 3: 0, 4: 1}",1
165,False,"{'a': 0.18, 'e': 0.19238531289396707}",25,0,-11.467789746717376,"{0: 20, 1: 2, 2: 3, 3: 0, 4: 0}",0
166,False,"{'a': 0.18, 'e': 0.1904614597650274}",20,12,14.359283902970155,"{0: 8, 1: 0, 2: 0, 3: 0, 4: 0}",1
167,False,"{'a': 0.18, 'e': 0.1885568451673771}",20,8,14.41491236008508,"{0: 12, 1: 0, 2: 0, 3: 0, 4: 0}",1
168,False,"{'a': 0.18, 'e': 0.18667127671570335}",25,15,10.82908434489314,"{0: 9, 1: 0, 2: 1, 3: 0, 4: 0}",1
169,False,"{'a': 0.18, 'e': 0.1848045639485463}",25,12,16.477725564090036,"{0: 13, 1: 0, 2: 0, 3: 0, 4: 0}",1
170,False,"{'a': 0.18, 'e': 0.18295651830906084}",25,0,-50.947389613707855,"{0: 22, 1: 1, 2: 0, 3: 0, 4: 2}",0
171,False,"{'a': 0.18, 'e': 0.18112695312597024}",20,12,3.6830189317838515,"{0: 7, 1: 0, 2: 1, 3: 0, 4: 0}",1
172,False,"{'a': 0.18, 'e': 0.17931568359471053}",25,2,13.056375913225345,"{0: 21, 1: 0, 2: 2, 3: 0, 4: 0}",1
173,False,"{'a': 0.18, 'e': 0.17752252675876343}",20,0,-43.33151891523075,"{0: 15, 1: 0, 2: 4, 3: 1, 4: 0}",0
174,False,"{'a': 0.18, 'e': 0.1757473014911758}",30,4,-10.574057610695732,"{0: 24, 1: 0, 2: 1, 3: 0, 4: 1}",1
175,False,"{'a': 0.18, 'e': 0.17398982847626404}",30,0,17.843155830451828,"{0: 27, 1: 1, 2: 2, 3: 0, 4: 0}",1
176,False,"{'a': 0.18, 'e': 0.1722499301915014}",20,0,12.531922648712406,"{0: 19, 1: 0, 2: 1, 3: 0, 4: 0}",0
177,False,"{'a': 0.18, 'e': 0.17052743088958636}",25,12,5.0373366452793675,"{0: 11, 1: 1, 2: 1, 3: 0, 4: 0}",1
178,False,"{'a': 0.18, 'e': 0.1688221565806905}",25,17,-28.78338955407092,"{0: 7, 1: 0, 2: 0, 3: 0, 4: 1}",1
179,False,"{'a': 0.18, 'e': 0.1671339350148836}",35,18,28.762779153173703,"{0: 17, 1: 0, 2: 0, 3: 0, 4: 0}",1
180,False,"{'a': 0.18, 'e': 0.16546259566473476}",20,5,11.707770534782753,"{0: 14, 1: 0, 2: 1, 3: 0, 4: 0}",1
181,False,"{'a': 0.18, 'e': 0.16380796970808742}",20,0,30.858543232200265,"{0: 20, 1: 0, 2: 0, 3: 0, 4: 0}",0
182,False,"{'a': 0.18, 'e': 0.16216989001100654}",25,17,7.19471993109327,"{0: 7, 1: 1, 2: 0, 3: 0, 4: 0}",1
183,False,"{'a': 0.18, 'e': 0.16054819111089647}",25,0,36.523891258555324,"{0: 25, 1: 0, 2: 0, 3: 0, 4: 0}",1
184,False,"{'a': 0.18, 'e': 0.1589427091997875}",30,20,18.55179980769909,"{0: 10, 1: 0, 2: 0, 3: 0, 4: 0}",1
185,False,"{'a': 0.18, 'e': 0.15735328210778962}",20,10,8.509522646823868,"{0: 9, 1: 0, 2: 1, 3: 0, 4: 0}",1
186,False,"{'a': 0.18, 'e': 0.15577974928671173}",25,10,25.754077446962878,"{0: 15, 1: 0, 2: 0, 3: 0, 4: 0}",1
187,False,"{'a': 0.18, 'e': 0.15422195179384462}",20,8,14.431849929593541,"{0: 11, 1: 0, 2: 1, 3: 0, 4: 0}",1
188,False,"{'a': 0.18, 'e': 0.15267973227590617}",20,9,-46.10648038422788,"{0: 8, 1: 0, 2: 2, 3: 0, 4: 1}",1
189,False,"{'a': 0.18, 'e': 0.1511529349531471}",20,15,3.4358176825293505,"{0: 4, 1: 1, 2: 0, 3: 0, 4: 0}",1
190,False,"{'a': 0.18, 'e': 0.14964140560361563}",20,0,19.258246455502217,"{0: 19, 1: 0, 2: 1, 3: 0, 4: 0}",0
191,False,"{'a': 0.18, 'e': 0.14814499154757946}",30,18,-22.38042890919542,"{0: 11, 1: 0, 2: 0, 3: 0, 4: 1}",1
192,False,"{'a': 0.18, 'e': 0.14666354163210368}",25,13,13.007572475858938,"{0: 11, 1: 0, 2: 1, 3: 0, 4: 0}",1
193,False,"{'a': 0.18, 'e': 0.14519690621578263}",20,8,17.95696948089782,"{0: 11, 1: 1, 2: 0, 3: 0, 4: 0}",1
194,False,"{'a': 0.18, 'e': 0.1437449371536248}",20,0,30.82645247687054,"{0: 20, 1: 0, 2: 0, 3: 0, 4: 0}",0
195,False,"{'a': 0.18, 'e': 0.14230748778208857}",20,0,33.244698194821545,"{0: 20, 1: 0, 2: 0, 3: 0, 4: 0}",0
196,False,"{'a': 0.18, 'e': 0.14088441290426768}",20,2,21.496026664766184,"{0: 17, 1: 0, 2: 1, 3: 0, 4: 0}",1
197,False,"{'a': 0.18, 'e': 0.139475568775225}",20,0,27.430908549281508,"{0: 20, 1: 0, 2: 0, 3: 0, 4: 0}",0
198,False,"{'a': 0.18, 'e': 0.13808081308747275}",20,0,30.369156124742748,"{0: 20, 1: 0, 2: 0, 3: 0, 4: 0}",0
199,False,"{'a': 0.18, 'e': 0.136700004956598}",20,0,6.129760646891644,"{0: 18, 1: 0, 2: 2, 3: 0, 4: 0}",0
200,False,"{'a': 0.18, 'e': 0.13533300490703204}",30,15,15.958908506311165,"{0: 14, 1: 1, 2: 0, 3: 0, 4: 0}",1
201,False,"{'a': 0.18, 'e': 0.13397967485796172}",20,11,17.343668869834847,"{0: 9, 1: 0, 2: 0, 3: 0, 4: 0}",1
202,False,"{'a': 0.18, 'e': 0.1326398781093821}",25,19,9.269720527924271,"{0: 6, 1: 0, 2: 0, 3: 0, 4: 0}",1
203,False,"{'a': 0.18, 'e': 0.13131347932828827}",30,7,-57.098484969485156,"{0: 18, 1: 1, 2: 2, 3: 1, 4: 1}",1
204,False,"{'a': 0.18, 'e': 0.1300003445350054}",25,2,35.87583128295785,"{0: 23, 1: 0, 2: 0, 3: 0, 4: 0}",1
205,False,"{'a': 0.18, 'e': 0.12870034108965533}",20,4,6.806753428960165,"{0: 15, 1: 0, 2: 0, 3: 1, 4: 0}",1
206,False,"{'a': 0.18, 'e': 0.1274133376787588}",25,0,39.11514920488337,"{0: 25, 1: 0, 2: 0, 3: 0, 4: 0}",0
207,False,"{'a': 0.18, 'e': 0.12613920430197118}",20,16,8.253352490209156,"{0: 4, 1: 0, 2: 0, 3: 0, 4: 0}",1
208,False,"{'a': 0.18, 'e': 0.12487781225895148}",20,0,22.644423479447315,"{0: 19, 1: 1, 2: 0, 3: 0, 4: 0}",0
209,False,"{'a': 0.18, 'e': 0.12362903413636196}",25,7,22.261637334440504,"{0: 17, 1: 0, 2: 1, 3: 0, 4: 0}",1
210,False,"{'a': 0.18, 'e': 0.12239274379499834}",25,10,1.3328089444488957,"{0: 13, 1: 0, 2: 2, 3: 0, 4: 0}",1
211,False,"{'a': 0.18, 'e': 0.12116881635704835}",25,8,19.624907216917034,"{0: 16, 1: 1, 2: 0, 3: 0, 4: 0}",1
212,False,"{'a': 0.18, 'e': 0.11995712819347787}",20,9,20.973470654789935,"{0: 11, 1: 0, 2: 0, 3: 0, 4: 0}",1
213,False,"{'a': 0.18, 'e': 0.11875755691154309}",25,12,25.186724616692864,"{0: 13, 1: 0, 2: 0, 3: 0, 4: 0}",1
214,False,"{'a': 0.18, 'e': 0.11756998134242766}",20,10,-46.84955921611817,"{0: 8, 1: 0, 2: 0, 3: 1, 4: 1}",1
215,False,"{'a': 0.18, 'e': 0.11639428152900338}",20,3,30.98928343334447,"{0: 17, 1: 0, 2: 0, 3: 0, 4: 0}",1
216,False,"{'a': 0.18, 'e': 0.11523033871371334}",20,11,17.491025172103882,"{0: 9, 1: 0, 2: 0, 3: 0, 4: 0}",1
217,False,"{'a': 0.18, 'e': 0.11407803532657622}",20,13,11.775521987585783,"{0: 7, 1: 0, 2: 0, 3: 0, 4: 0}",1
218,False,"{'a': 0.18, 'e': 0.11293725497331045}",20,2,25.36447749106348,"{0: 18, 1: 0, 2: 0, 3: 0, 4: 0}",1
219,False,"{'a': 0.18, 'e': 0.11180788242357734}",25,19,9.731440245949324,"{0: 6, 1: 0, 2: 0, 3: 0, 4: 0}",1
220,False,"{'a': 0.18, 'e': 0.11068980359934157}",20,13,13.74037580834956,"{0: 7, 1: 0, 2: 0, 3: 0, 4: 0}",1
221,False,"{'a': 0.18, 'e': 0.10958290556334815}",20,0,-26.605980713273617,"{0: 18, 1: 0, 2: 1, 3: 0, 4: 1}",0
222,False,"{'a': 0.18, 'e': 0.10848707650771466}",25,14,16.639345040647257,"{0: 11, 1: 0, 2: 0, 3: 0, 4: 0}",1
223,False,"{'a': 0.18, 'e': 0.10740220574263752}",30,15,27.88994625607494,"{0: 15, 1: 0, 2: 0, 3: 0, 4: 0}",1
224,False,"{'a': 0.18, 'e': 0.10632818368521114}",20,0,16.572224596145066,"{0: 19, 1: 0, 2: 1, 3: 0, 4: 0}",0
225,False,"{'a': 0.18, 'e': 0.10526490184835903}",30,11,28.031435129147923,"{0: 19, 1: 0, 2: 0, 3: 0, 4: 0}",1
226,False,"{'a': 0.18, 'e': 0.10421225282987544}",35,11,44.09080568833753,"{0: 24, 1: 0, 2: 0, 3: 0, 4: 0}",1
227,False,"{'a': 0.18, 'e': 0.10317013030157668}",20,10,0.494134548062491,"{0: 8, 1: 1, 2: 1, 3: 0, 4: 0}",1
228,False,"{'a': 0.18, 'e': 0.10213842899856092}",30,18,13.094801179489334,"{0: 11, 1: 0, 2: 1, 3: 0, 4: 0}",1
229,False,"{'a': 0.18, 'e': 0.10111704470857531}",35,19,23.995264729937684,"{0: 15, 1: 1, 2: 0, 3: 0, 4: 0}",1
230,False,"{'a': 0.18, 'e': 0.10010587426148955}",20,9,19.808907867552506,"{0: 11, 1: 0, 2: 0, 3: 0, 4: 0}",1
231,False,"{'a': 0.18, 'e': 0.09910481551887466}",25,0,17.06355990510909,"{0: 23, 1: 0, 2: 2, 3: 0, 4: 0}",0
232,False,"{'a': 0.18, 'e': 0.0981137673636859}",30,0,23.511198328223855,"{0: 28, 1: 0, 2: 2, 3: 0, 4: 0}",0
233,False,"{'a': 0.18, 'e': 0.09713262969004906}",20,11,14.577180720750441,"{0: 9, 1: 0, 2: 0, 3: 0, 4: 0}",1
234,False,"{'a': 0.18, 'e': 0.09616130339314856}",20,8,8.089231848289987,"{0: 11, 1: 0, 2: 1, 3: 0, 4: 0}",1
235,False,"{'a': 0.18, 'e': 0.09519969035921708}",25,13,11.319588040920841,"{0: 11, 1: 0, 2: 1, 3: 0, 4: 0}",1
236,False,"{'a': 0.18, 'e': 0.0942476934556249}",20,0,19.891518902866803,"{0: 19, 1: 0, 2: 1, 3: 0, 4: 0}",0
237,False,"{'a': 0.18, 'e': 0.09330521652106866}",30,0,25.91035673167248,"{0: 29, 1: 0, 2: 0, 3: 1, 4: 0}",0
238,False,"{'a': 0.18, 'e': 0.09237216435585796}",20,0,31.837959573163463,"{0: 20, 1: 0, 2: 0, 3: 0, 4: 0}",0
239,False,"{'a': 0.18, 'e': 0.09144844271229938}",30,13,26.428847126915795,"{0: 17, 1: 0, 2: 0, 3: 0, 4: 0}",1
240,False,"{'a': 0.18, 'e': 0.0905339582851764}",30,19,12.927064536112848,"{0: 10, 1: 1, 2: 0, 3: 0, 4: 0}",1
241,False,"{'a': 0.18, 'e': 0.08962861870232462}",25,11,26.869516939486587,"{0: 14, 1: 0, 2: 0, 3: 0, 4: 0}",1
242,False,"{'a': 0.18, 'e': 0.08873233251530138}",30,20,9.830636486039623,"{0: 9, 1: 0, 2: 1, 3: 0, 4: 0}",1
243,False,"{'a': 0.18, 'e': 0.08784500919014836}",20,0,-17.231100658825493,"{0: 17, 1: 0, 2: 2, 3: 1, 4: 0}",0
244,False,"{'a': 0.18, 'e': 0.08696655909824688}",20,13,12.9487409493819,"{0: 7, 1: 0, 2: 0, 3: 0, 4: 0}",1
245,False,"{'a': 0.18, 'e': 0.0860968935072644}",25,7,-17.61414686317708,"{0: 16, 1: 0, 2: 0, 3: 2, 4: 0}",1
246,False,"{'a': 0.18, 'e': 0.08523592457219176}",25,14,24.15605632816515,"{0: 11, 1: 0, 2: 0, 3: 0, 4: 0}",1
247,False,"{'a': 0.18, 'e': 0.08438356532646984}",25,4,32.54548279000381,"{0: 21, 1: 0, 2: 0, 3: 0, 4: 0}",1
248,False,"{'a': 0.18, 'e': 0.08353972967320515}",30,12,-8.38810329764098,"{0: 17, 1: 0, 2: 0, 3: 0, 4: 1}",1
249,False,"{'a': 0.18, 'e': 0.0827043323764731}",20,6,24.694175973017956,"{0: 14, 1: 0, 2: 0, 3: 0, 4: 0}",1
250,False,"{'a': 0.18, 'e': 0.08187728905270836}",20,0,8.921316792189238,"{0: 18, 1: 0, 2: 2, 3: 0, 4: 0}",0
251,False,"{'a': 0.18, 'e': 0.08105851616218128}",25,17,-24.37686134268258,"{0: 7, 1: 0, 2: 0, 3: 0, 4: 1}",1
252,False,"{'a': 0.18, 'e': 0.08024793100055946}",20,0,-10.783268650943716,"{0: 19, 1: 0, 2: 0, 3: 0, 4: 1}",0
253,False,"{'a': 0.18, 'e': 0.07944545169055386}",20,6,27.382845441414034,"{0: 14, 1: 0, 2: 0, 3: 0, 4: 0}",1
254,False,"{'a': 0.18, 'e': 0.07865099717364833}",25,0,25.66906504748484,"{0: 24, 1: 0, 2: 1, 3: 0, 4: 0}",0
255,False,"{'a': 0.18, 'e': 0.07786448720191184}",20,0,31.372635710276846,"{0: 20, 1: 0, 2: 0, 3: 0, 4: 0}",0
256,False,"{'a': 0.18, 'e': 0.07708584232989273}",20,9,18.961655942532325,"{0: 11, 1: 0, 2: 0, 3: 0, 4: 0}",1
257,False,"{'a': 0.18, 'e': 0.0763149839065938}",20,6,-16.70610018055082,"{0: 13, 1: 0, 2: 0, 3: 0, 4: 1}",1
258,False,"{'a': 0.18, 'e': 0.07555183406752786}",20,1,20.91616104145626,"{0: 18, 1: 0, 2: 1, 3: 0, 4: 0}",1
259,False,"{'a': 0.18, 'e': 0.07479631572685258}",30,16,24.71521230087308,"{0: 14, 1: 0, 2: 0, 3: 0, 4: 0}",1
260,False,"{'a': 0.18, 'e': 0.07404835256958406}",25,10,25.36062562233569,"{0: 15, 1: 0, 2: 0, 3: 0, 4: 0}",1
261,False,"{'a': 0.18, 'e': 0.07330786904388821}",25,0,20.1335103762492,"{0: 23, 1: 0, 2: 2, 3: 0, 4: 0}",0
262,False,"{'a': 0.18, 'e': 0.07257479035344933}",35,11,-43.69463291535237,"{0: 22, 1: 0, 2: 0, 3: 0, 4: 2}",1
263,False,"{'a': 0.18, 'e': 0.07184904244991484}",20,9,21.738801186226272,"{0: 11, 1: 0, 2: 0, 3: 0, 4: 0}",1
264,False,"{'a': 0.18, 'e': 0.07113055202541568}",25,3,17.017680630228327,"{0: 20, 1: 1, 2: 1, 3: 0, 4: 0}",1
265,False,"{'a': 0.18, 'e': 0.07041924650516153}",35,22,21.38182741049517,"{0: 13, 1: 0, 2: 0, 3: 0, 4: 0}",1
266,False,"{'a': 0.18, 'e': 0.06971505404010991}",20,0,22.398261062898204,"{0: 19, 1: 1, 2: 0, 3: 0, 4: 0}",0
267,False,"{'a': 0.18, 'e': 0.06901790349970881}",25,15,12.863146900584624,"{0: 10, 1: 0, 2: 0, 3: 0, 4: 0}",1
268,False,"{'a': 0.18, 'e': 0.06832772446471172}",25,7,-22.708192426357858,"{0: 16, 1: 0, 2: 1, 3: 0, 4: 1}",1
269,False,"{'a': 0.18, 'e': 0.0676444472200646}",25,15,17.27505860068663,"{0: 10, 1: 0, 2: 0, 3: 0, 4: 0}",1
270,False,"{'a': 0.18, 'e': 0.06696800274786396}",25,0,40.440020616549425,"{0: 25, 1: 0, 2: 0, 3: 0, 4: 0}",0
271,False,"{'a': 0.18, 'e': 0.06629832272038531}",25,13,10.188558994814436,"{0: 11, 1: 0, 2: 1, 3: 0, 4: 0}",1
272,False,"{'a': 0.18, 'e': 0.06563533949318147}",20,8,20.363120623319688,"{0: 12, 1: 0, 2: 0, 3: 0, 4: 0}",1
273,False,"{'a': 0.18, 'e': 0.06497898609824965}",20,13,9.804972505936599,"{0: 7, 1: 0, 2: 0, 3: 0, 4: 0}",1
274,False,"{'a': 0.18, 'e': 0.06432919623726716}",20,7,-20.25322618475582,"{0: 12, 1: 0, 2: 0, 3: 0, 4: 1}",1
275,False,"{'a': 0.18, 'e': 0.06368590427489448}",20,0,-12.574334694210728,"{0: 19, 1: 0, 2: 0, 3: 0, 4: 1}",0
276,False,"{'a': 0.18, 'e': 0.06304904523214554}",30,19,-34.32351720125524,"{0: 9, 1: 0, 2: 1, 3: 0, 4: 1}",1
277,False,"{'a': 0.18, 'e': 0.06241855477982408}",25,11,25.19319440567458,"{0: 14, 1: 0, 2: 0, 3: 0, 4: 0}",1
278,False,"{'a': 0.18, 'e': 0.06179436923202584}",25,2,36.79170862319119,"{0: 23, 1: 0, 2: 0, 3: 0, 4: 0}",1
279,False,"{'a': 0.18, 'e': 0.06117642553970558}",25,11,26.978890784942884,"{0: 14, 1: 0, 2: 0, 3: 0, 4: 0}",1
280,False,"{'a': 0.18, 'e': 0.06056466128430853}",30,13,32.20037153366962,"{0: 17, 1: 0, 2: 0, 3: 0, 4: 0}",1
281,False,"{'a': 0.18, 'e': 0.05995901467146544}",20,0,29.540862489660487,"{0: 20, 1: 0, 2: 0, 3: 0, 4: 0}",0
282,False,"{'a': 0.18, 'e': 0.059359424524750785}",20,15,7.54941395434405,"{0: 5, 1: 0, 2: 0, 3: 0, 4: 0}",1
283,False,"{'a': 0.18, 'e': 0.05876583027950327}",30,8,37.9946329126306,"{0: 22, 1: 0, 2: 0, 3: 0, 4: 0}",1
284,False,"{'a': 0.18, 'e': 0.05817817197670824}",30,2,17.879608916558585,"{0: 26, 1: 0, 2: 2, 3: 0, 4: 0}",1
285,False,"{'a': 0.18, 'e': 0.05759639025694116}",25,17,1.0137445463055443,"{0: 7, 1: 0, 2: 1, 3: 0, 4: 0}",1
286,False,"{'a': 0.18, 'e': 0.057020426354371746}",20,16,6.906929734738545,"{0: 4, 1: 0, 2: 0, 3: 0, 4: 0}",1
287,False,"{'a': 0.18, 'e': 0.05645022209082803}",30,19,23.96410204526694,"{0: 11, 1: 0, 2: 0, 3: 0, 4: 0}",1
288,False,"{'a': 0.18, 'e': 0.05588571986991975}",20,0,28.50881047631393,"{0: 20, 1: 0, 2: 0, 3: 0, 4: 0}",0
289,False,"{'a': 0.18, 'e': 0.05532686267122055}",35,25,17.444419034756557,"{0: 10, 1: 0, 2: 0, 3: 0, 4: 0}",1
290,False,"{'a': 0.18, 'e': 0.05477359404450834}",35,2,52.60651665425839,"{0: 33, 1: 0, 2: 0, 3: 0, 4: 0}",1
291,False,"{'a': 0.18, 'e': 0.05422585810406326}",25,0,31.94010611476641,"{0: 24, 1: 0, 2: 1, 3: 0, 4: 0}",0
292,False,"{'a': 0.18, 'e': 0.05368359952302263}",20,0,29.113516789860846,"{0: 20, 1: 0, 2: 0, 3: 0, 4: 0}",0
293,False,"{'a': 0.18, 'e': 0.0531467635277924}",35,22,26.96679932298141,"{0: 13, 1: 0, 2: 0, 3: 0, 4: 0}",1
294,False,"{'a': 0.18, 'e': 0.05261529589251448}",20,8,8.718741340364204,"{0: 11, 1: 0, 2: 1, 3: 0, 4: 0}",1
295,False,"{'a': 0.18, 'e': 0.05208914293358933}",25,15,12.003112366321705,"{0: 9, 1: 1, 2: 0, 3: 0, 4: 0}",1
296,False,"{'a': 0.18, 'e': 0.05156825150425344}",25,10,10.377672739029661,"{0: 14, 1: 0, 2: 1, 3: 0, 4: 0}",1
297,False,"{'a': 0.18, 'e': 0.0510525689892109}",20,9,21.1682807151179,"{0: 11, 1: 0, 2: 0, 3: 0, 4: 0}",1
298,False,"{'a': 0.18, 'e': 0.050542043299318794}",20,6,22.208225188177916,"{0: 14, 1: 0, 2: 0, 3: 0, 4: 0}",1
299,False,"{'a': 0.18, 'e': 0.050036622866325604}",25,18,12.81227729486477,"{0: 7, 1: 0, 2: 0, 3: 0, 4: 0}",1
300,False,"{'a': 0.18, 'e': 0.04953625663766235}",20,12,15.17659485355115,"{0: 8, 1: 0, 2: 0, 3: 0, 4: 0}",1
1,True,"{'a': 0.0, 'e': 0.0}",25,11,22.40045461569279,"{0: 14, 1: 0, 2: 0, 3: 0, 4: 0}",1
2,True,"{'a': 0.0, 'e': 0.0}",20,6,20.245913333801255,"{0: 14, 1: 0, 2: 0, 3: 0, 4: 0}",1
3,True,"{'a': 0.0, 'e': 0.0}",20,14,12.53828707534333,"{0: 6, 1: 0, 2: 0, 3: 0, 4: 0}",1
4,True,"{'a': 0.0, 'e': 0.0}",30,16,27.738499197589018,"{0: 14, 1: 0, 2: 0, 3: 0, 4: 0}",1
5,True,"{'a': 0.0, 'e': 0.0}",25,10,25.480597031579236,"{0: 15, 1: 0, 2: 0, 3: 0, 4: 0}",1
6,True,"{'a': 0.0, 'e': 0.0}",20,8,21.99135494875942,"{0: 12, 1: 0, 2: 0, 3: 0, 4: 0}",1
7,True,"{'a': 0.0, 'e': 0.0}",20,3,29.194741331451002,"{0: 17, 1: 0, 2: 0, 3: 0, 4: 0}",1
8,True,"{'a': 0.0, 'e': 0.0}",20,9,20.07460082126705,"{0: 11, 1: 0, 2: 0, 3: 0, 4: 0}",1
9,True,"{'a': 0.0, 'e': 0.0}",20,16,8.58784882626929,"{0: 4, 1: 0, 2: 0, 3: 0, 4: 0}",1
10,True,"{'a': 0.0, 'e': 0.0}",20,6,25.107746831631914,"{0: 14, 1: 0, 2: 0, 3: 0, 4: 0}",1
